<!-- Created using vQmod XML Generator by UKSB - http://www.opencart-extensions.co.uk //-->
<modification>
	<id><![CDATA[SUPPLER]]></id>
	<version><![CDATA[8]]></version>
	<vqmver><![CDATA[8.9]]></vqmver>
	<author><![CDATA[usergio]]></author>
	<file name="admin/language/english/common/header.php">
		<operation>
			<search position="before"><![CDATA[$_['text_module']]]></search>
			<add><![CDATA[$_['text_suppler']                	   = 'Suppliers';]]></add>
		</operation>
	</file>
	<file name="admin/language/russian/common/header.php">
		<operation>
			<search position="before"><![CDATA[$_['text_module']]]></search>
			<add><![CDATA[$_["text_suppler"]                	   = "Поставщики";]]></add>
		</operation>
	</file>
	<file name="admin/language/ukrainian/common/header.php">
		<operation>
			<search position="before"><![CDATA[$_['text_module']]]></search>
			<add><![CDATA[$_["text_suppler"]                	   = "Постачальники";]]></add>
		</operation>
	</file>
	<file name="admin/language/english/catalog/product.php">
		<operation>
			<search position="replace"><![CDATA['Model';]]></search>
			<add><![CDATA["Product code";]]></add>
		</operation>
		<operation>
			<search position="replace"><![CDATA['Model:';]]></search>
			<add><![CDATA["Product code:";]]></add>
		</operation>
		<operation>
			<search position="before"><![CDATA[$_['entry_status']]]></search>
			<add><![CDATA[$_['entry_optsku']      	 = 'SKU:';]]></add>
		</operation>
	</file>	
	<file name="admin/language/russian/catalog/product.php">
		<operation>
			<search position="replace"><![CDATA['Модель';]]></search>
			<add><![CDATA["Код товара";]]></add>
		</operation>
		<operation>
			<search position="replace"><![CDATA['Модель:';]]></search>
			<add><![CDATA["Код товара:";]]></add>
		</operation>
		<operation>
			<search position="before"><![CDATA[$_['entry_status']]]></search>
			<add><![CDATA[$_['entry_optsku']      	 = 'Артикул:';]]></add>
		</operation>
	</file>
	<file name="admin/language/ukrainian/catalog/product.php">
		<operation>
			<search position="replace"><![CDATA['Модель';]]></search>
			<add><![CDATA["Код товару";]]></add>
		</operation>
		<operation>
			<search position="replace"><![CDATA['Модель:';]]></search>
			<add><![CDATA["Код товару:";]]></add>
		</operation>
		<operation>
			<search position="before"><![CDATA[$_['entry_status']]]></search>
			<add><![CDATA[$_['entry_optsku']      	 = 'Артикул:';]]></add>
		</operation>
	</file>
	<file name="catalog/language/russian/product/product.php">
		<operation>
			<search position="replace" index="1"><![CDATA['Модель:';]]></search>
			<add><![CDATA["Код товара:";]]></add>
		</operation>		
	</file>
	<file name="catalog/language/ukrainian/product/product.php">
		<operation>
			<search position="replace" index="1"><![CDATA['Модель:';]]></search>
			<add><![CDATA["Код товару:";]]></add>
		</operation>		
	</file>
	<file name="admin/language/russian/report/product_purchased.php">
		<operation>
			<search position="replace"><![CDATA['Модель']]></search>
			<add><![CDATA["Код товара";]]></add>
		</operation>		
	</file>
	<file name="admin/language/ukrainian/report/product_purchased.php">
		<operation>
			<search position="replace"><![CDATA['Модель']]></search>
			<add><![CDATA["Код товару";]]></add>
		</operation>		
	</file>	
	<file name="admin/model/catalog/product.php">
		<operation>
			<search position="before"><![CDATA[public function getProducts($data = array()) {]]></search>
			<add><![CDATA[public function getMaxModel() {		
		$query = $this->db->query("SELECT max(product_id) FROM " . DB_PREFIX . "product");			
		return $query->row;
	}]]></add>
		</operation>
		<operation>
			<search position="before"><![CDATA[$this->addProduct($data);]]></search>
			<add><![CDATA[
			$row1 = $this->getMaxModel();
			$max_mod = $row1["max(product_id)"];
			$next_code = $max_mod + 1;
			$p = strpos($data["model"], "-");
			if (!$p) strpos($data["model"], "~");
			if ($p) {
				$p = substr($data["model"], $p);
				$data["model"] = $next_code.$p;
			}]]></add>
		</operation>
		<operation>
			<search position="after"><![CDATA[$product_option_value['weight'],]]></search>
			<add><![CDATA[					'optsku'          		  => $product_option_value['optsku'],]]></add>
		</operation>
		<operation>
			<search position="replace"><![CDATA[$product_option_value['weight'] . "',]]></search>
			<add><![CDATA[$product_option_value['weight'] . "', optsku= '" . $this->db->escape($product_option_value['optsku']) . "',]]></add>
		</operation>
	</file>
	<file name="admin/controller/common/header.php">
		<operation>
			<search position="after"><![CDATA[$this->data['text_manufacturer'] = $this->language->get('text_manufacturer');]]></search>
			<add><![CDATA[
	$this->data['text_suppler'] = $this->language->get('text_suppler'); /*suppler*/]]></add>
		</operation>
		<operation>
			<search position="after"><![CDATA[$this->data['manufacturer'] = $this->url->link('catalog/manufacturer', 'token=' . $this->session->data['token'], 'SSL');]]></search>
			<add><![CDATA[
    $this->data['suppler'] = $this->url->link('catalog/suppler', 'token=' . $this->session->data['token'], 'SSL');]]></add>
		</operation>
	</file>	
	<file name="admin/controller/catalog/product.php">
		<operation>
			<search position="before"><![CDATA[$this->data['entry_customer_group'] = $this->language->get('entry_customer_group');]]></search>
			<add><![CDATA[		$this->data["entry_optsku"] = $this->language->get("entry_optsku");]]></add>
		</operation>
		<operation>
			<search position="before" index="2"><![CDATA[$this->data['token'] = $this->session->data['token'];]]></search>
			<add><![CDATA[ 		else {
			$row = $this->model_catalog_product->getMaxModel();
			$max_model = $row["max(product_id)"];
			$next_code = $max_model + 1;
			$next_code = $next_code."-";
		}]]></add>
		</operation>
		<operation>
			<search position="replace"><![CDATA[$this->data['model'] = '']]></search>
			<add><![CDATA[$this->data['model'] = $next_code]]></add>
		</operation>
		<operation>
			<search position="after"><![CDATA[$product_option_value['weight'],]]></search>
			<add><![CDATA[						'optsku'          		  => $product_option_value['optsku'],]]></add>
		</operation>
	</file>
	<file name="admin/view/template/common/header.tpl">
		<operation>
			<search position="after"><![CDATA[<li><a href="<?php echo $manufacturer; ?>"><?php echo $text_manufacturer; ?></a></li>]]></search>
			<add><![CDATA[
		  <li><a href="<?php echo $suppler; ?>"><?php echo $text_suppler; ?></a></li>]]></add>
		</operation>
	</file>
	
	<file name="admin/view/template/catalog/product_form.tpl">
		<operation>
			<search position="after" index="1"><![CDATA[<td class="right"><?php echo $entry_weight; ?></td>]]></search>
			<add><![CDATA[  				  <td class="right"><?php echo $entry_optsku; ?></td>]]></add>
		</operation>
		<operation>
			<search position="after"><![CDATA[<td class="right"><?php echo $entry_weight; ?></td>';]]></search>
			<add><![CDATA[			html += '        <td class="right"><?php echo $entry_optsku; ?></td>';]]></add>
		</operation>
		<operation>
			<search position="after"><![CDATA[[weight]" value="" size="5" /></td>';]]></search>
			<add><![CDATA[	html += '    <td><input type="text" name="product_option[' + option_row + '][product_option_value][' + option_value_row + '][optsku]" value="" size="12" /></td>';]]></add>
		</operation>
		<operation>
			<search position="after"><![CDATA[$product_option_value['weight']; ?>" size="5" /></td>]]></search>
			<add><![CDATA[<td><input type="text" name="product_option[<?php echo $option_row; ?>][product_option_value][<?php echo $option_value_row; ?>][optsku]" value="<?php echo $product_option_value["optsku"]; ?>" size="12" /></td>]]></add>
		</operation>
		<operation>
			<search position="replace" index="1"><![CDATA[<td colspan="6"></td>]]></search>
			<add><![CDATA[<td colspan="7"></td>]]></add>
		</operation>		
	</file>	
</modification>