<modification>
    <name>Валюта Плюс</name>
    <code>LouiseCurrencyPlus</code>
    <version>3.1</version>
    <author>louise170 (louise@ya.ru)</author>
    <link><![CDATA[https://opencartforum.com/files/file/1645-валюта-плюс/]]></link>

    <file path="admin/model/setting/setting.php">
        <operation error="log">
            <search><![CDATA[
                class ModelSettingSetting extends Model {
            ]]>
            </search>
            <add position="after"><![CDATA[
                public function updateSetting($code, $data, $store_id = 0) {
                    foreach ($data as $key => $value) {
                        $query = $this->db->query("SELECT * FROM " . DB_PREFIX . "setting
                        WHERE store_id = '" . (int)$store_id . "' AND `code` = '" . $this->db->escape($code) . "' AND `key` = '" . $this->db->escape($key) . "' ");

                        if ($query->num_rows > 0) {
                            if (!is_array($value)) {
                                $this->db->query("UPDATE " . DB_PREFIX . "setting SET `value` = '" . $this->db->escape($value) . "' WHERE store_id = '" . (int)$store_id . "' AND `code` = '" . $this->db->escape($code) . "' AND `key` = '" . $this->db->escape($key) . "' ");
                            } else {
                                $this->db->query("UPDATE " . DB_PREFIX . "setting SET `value` = '" . $this->db->escape(serialize($value)) . "', serialized = '1' WHERE store_id = '" . (int)$store_id . "' AND `code` = '" . $this->db->escape($code) . "' AND `key` = '" . $this->db->escape($key) . "' ");
                            }
                        }
                        else {
                            if (!is_array($value)) {
                                $this->db->query("INSERT INTO " . DB_PREFIX . "setting SET store_id = '" . (int)$store_id . "', `code` = '" . $this->db->escape($code) . "', `key` = '" . $this->db->escape($key) . "', `value` = '" . $this->db->escape($value) . "'");
                            } else {
                                $this->db->query("INSERT INTO " . DB_PREFIX . "setting SET store_id = '" . (int)$store_id . "', `code` = '" . $this->db->escape($code) . "', `key` = '" . $this->db->escape($key) . "', `value` = '" . $this->db->escape(serialize($value)) . "', serialized = '1'");
                            }
                        }
                    }
                }
            ]]>
            </add>
        </operation>
    </file>

    <file path="admin/controller/catalog/{product,mproduct}.php">
        <operation error="log">
            <search><![CDATA[
                if (isset($this->request->post['status'])) {
            ]]>
            </search>
            <add position="before"><![CDATA[
                if (isset($this->request->post['base_price'])) {
                    $data['base_price'] = $this->request->post['base_price'];
                } else if (isset($product_info['base_price'])) {
                    $data['base_price'] = $product_info['base_price'];
                } else {
                    $data['base_price'] = '';
                }

                if (isset($this->request->post['base_currency_code'])) {
                    $data['base_currency_code'] = $this->request->post['base_currency_code'];
                } else if (isset($product_info['base_currency_code']) and $product_info['base_currency_code'] != '') {
                    $data['base_currency_code'] = $product_info['base_currency_code'];
                } else {
                    $data['base_currency_code'] = $this->config->get('config_currency');
                }

                $this->load->model('localisation/currency');

		        $data['currencies'] = $this->model_localisation_currency->getCurrencies();
            ]]>
            </add>
        </operation>

        <operation error="log">
            <search><![CDATA[
                $data['entry_price'] = $this->language->get('entry_price');
            ]]>
            </search>
            <add position="before"><![CDATA[
                $data['entry_base_price'] = $this->language->get('entry_base_price');
                $data['entry_base_currency'] = $this->language->get('entry_base_currency');
            ]]>
            </add>
        </operation>

        <operation error="log">
            <search><![CDATA[
                'price'                   => $product_option_value['price'],
            ]]>
            </search>
            <add position="after"><![CDATA[
                'base_price'         => isset($product_option_value['base_price'])? $product_option_value['base_price'] : '',
            ]]>
            </add>
        </operation>

        <operation error="log">
            <search><![CDATA[
                $data['product_discounts'][] = array(
            ]]>
            </search>
            <add position="after"><![CDATA[
                'base_price' => isset($product_discount['base_price'])? $product_discount['base_price'] : '',
            ]]>
            </add>
        </operation>

        <operation error="log">
            <search><![CDATA[
                $data['product_specials'][] = array(
            ]]>
            </search>
            <add position="after"><![CDATA[
                'base_price' => isset($product_special['base_price'])? $product_special['base_price'] : '',
            ]]>
            </add>
        </operation>

        <operation error="log">
            <search><![CDATA[
                if (($this->request->server['REQUEST_METHOD'] == 'POST') && $this->validateForm()) {
            ]]>
            </search>
            <add position="after"><![CDATA[
		        $this->load->model('extension/module/currency_plus');
                $this->model_extension_module_currency_plus->create_fields();
            ]]>
            </add>
        </operation>

        <operation error="log">
            <search><![CDATA[
                $this->response->redirect($this->url->link('catalog/product', 'token=' . $this->session->data['token'] . $url, 'SSL'));
            ]]>
            </search>
            <add position="replace"><![CDATA[
		        if (file_exists(DIR_APPLICATION.'/controller/editors/product.php')) {
                    $this->response->redirect($this->url->link('editors/product', 'token=' . $this->session->data['token'] . $url, 'SSL'));
                }
                else {
                    $this->response->redirect($this->url->link('catalog/product', 'token=' . $this->session->data['token'] . $url, 'SSL'));
                }
            ]]>
            </add>
        </operation>

        <operation error="log">
            <search><![CDATA[
                $this->response->redirect($this->url->link('catalog/product', 'token=' . $this->session->data['token'] . $url, true));
            ]]>
            </search>
            <add position="replace"><![CDATA[
		        if (file_exists(DIR_APPLICATION.'/controller/editors/product.php')) {
                    $this->response->redirect($this->url->link('editors/product', 'token=' . $this->session->data['token'] . $url, true));
                }
                else {
                    $this->response->redirect($this->url->link('catalog/product', 'token=' . $this->session->data['token'] . $url, true));
                }
            ]]>
            </add>
        </operation>

        <operation error="log">
            <search><![CDATA[
                $data['cancel'] = $this->url->link('catalog/product', 'token=' . $this->session->data['token'] . $url, 'SSL');
            ]]>
            </search>
            <add position="replace"><![CDATA[
		        if (file_exists(DIR_APPLICATION.'/controller/editors/product.php')) {
                    $data['cancel'] = $this->url->link('editors/product', 'token=' . $this->session->data['token'] . $url, 'SSL');
                }
                else {
                    $data['cancel'] = $this->url->link('catalog/product', 'token=' . $this->session->data['token'] . $url, 'SSL');
                }
            ]]>
            </add>
        </operation>

        <operation error="log">
            <search><![CDATA[
                $data['breadcrumbs'] = array();
            ]]>
            </search>
            <add position="before"><![CDATA[
		        if (file_exists(DIR_APPLICATION.'/controller/editors/product.php')) {
                    $href_edit = 'editors/product';
                }
                else {
                    $href_edit = 'catalog/product';
                }
            ]]>
            </add>
        </operation>

        <operation error="log">
            <search><![CDATA[
                'href' => $this->url->link('catalog/product', 'token=' . $this->session->data['token'] . $url, 'SSL')
            ]]>
            </search>
            <add position="replace"><![CDATA[
		        'href' => $this->url->link($href_edit, 'token=' . $this->session->data['token'] . $url, 'SSL')
            ]]>
            </add>
        </operation>
    </file>


    <file path="admin/view/template/catalog/{product_form,mproduct_form}.tpl">
        <operation error="log">
            <search><![CDATA[
                <?php echo $price; ?>
            ]]>
            </search>
            <add position="after" offset="2"><![CDATA[
            <div class="form-group">
                <label class="col-sm-2 control-label" for="input-base-price"><?php echo $entry_base_price; ?></label>
                <div class="col-sm-10">
                    <input type="text" name="base_price" value="<?php echo $base_price; ?>" placeholder="<?php echo $entry_base_price; ?>" id="input-base-price" class="form-control" />
                </div>
            </div>

            <div class="form-group">
                <label class="col-sm-2 control-label" for="input-base-currency-code"><?php echo $entry_base_currency; ?></label>
                <div class="col-sm-10">
                    <select name="base_currency_code" id="input-base-currency-code" class="form-control" >
                      <?php foreach ($currencies as $currency) { ?>
                      <?php if ($currency['code'] == $base_currency_code) { ?>
                      <option value="<?php echo $currency['code']; ?>" selected="selected"><?php echo $currency['title']; ?></option>
                      <?php } else { ?>
                      <option value="<?php echo $currency['code']; ?>"><?php echo $currency['title']; ?></option>
                      <?php } ?>
                      <?php } ?>
                    </select>
                </div>
            </div>
            ]]>
            </add>
        </operation>

        <operation error="log">
            <search><![CDATA[<td class="text-right"><?php echo $entry_price; ?></td>]]></search>
            <add position="replace"><![CDATA[<td class="text-right"><?php echo $entry_price.' / '.$entry_base_price; ?></td>]]></add>
        </operation>

        <operation error="log">
            <search><![CDATA[
                <input type="text" name="product_option[<?php echo $option_row; ?>][product_option_value][<?php echo $option_value_row; ?>][price]" value="<?php echo $product_option_value['price']; ?>" placeholder="<?php echo $entry_price; ?>" class="form-control" /></td>
            ]]>
            </search>
            <add position="replace"><![CDATA[
                <input type="text" name="product_option[<?php echo $option_row; ?>][product_option_value][<?php echo $option_value_row; ?>][price]" value="<?php echo $product_option_value['price']; ?>" placeholder="<?php echo $entry_price; ?>" class="form-control" />
                / <input type="text" name="product_option[<?php echo $option_row; ?>][product_option_value][<?php echo $option_value_row; ?>][base_price]" value="<?php echo $product_option_value['base_price']; ?>" placeholder="<?php echo $entry_base_price; ?>" class="form-control" /></td>
            ]]>
            </add>
        </operation>

        <operation error="log">
            <search><![CDATA[
                        html += '  <input type="text" name="product_option[' + option_row + '][product_option_value][' + option_value_row + '][price]" value="" placeholder="<?php echo $entry_price; ?>" class="form-control" /></td>';
            ]]>
            </search>
            <add position="replace"><![CDATA[
            html += '  <input type="text" name="product_option[' + option_row + '][product_option_value][' + option_value_row + '][price]" value="" placeholder="<?php echo $entry_price; ?>" class="form-control" />';
            html += '  <input type="text" name="product_option[' + option_row + '][product_option_value][' + option_value_row + '][base_price]" value="" placeholder="<?php echo $entry_base_price; ?>" class="form-control" /></td>';
            ]]>
            </add>
        </operation>

        <operation error="log">
            <search><![CDATA[
                <td class="text-right"><input type="text" name="product_discount[<?php echo $discount_row; ?>][price]" value="<?php echo $product_discount['price']; ?>" placeholder="<?php echo $entry_price; ?>" class="form-control" /></td>
            ]]>
            </search>
            <add position="replace"><![CDATA[
                <td class="text-right"><input type="text" name="product_discount[<?php echo $discount_row; ?>][price]" value="<?php echo $product_discount['price']; ?>" placeholder="<?php echo $entry_price; ?>" class="form-control" />
                / <input type="text" name="product_discount[<?php echo $discount_row; ?>][base_price]" value="<?php echo $product_discount['base_price']; ?>" placeholder="<?php echo $entry_base_price; ?>" class="form-control" /></td>
            ]]>
            </add>
        </operation>

        <operation error="log">
            <search><![CDATA[
                html += '  <td class="text-right"><input type="text" name="product_discount[' + discount_row + '][price]" value="" placeholder="<?php echo $entry_price; ?>" class="form-control" /></td>';
            ]]>
            </search>
            <add position="replace"><![CDATA[
                html += '  <td class="text-right"><input type="text" name="product_discount[' + discount_row + '][price]" value="" placeholder="<?php echo $entry_price; ?>" class="form-control" /> / <input type="text" name="product_discount[' + discount_row + '][base_price]" value="" placeholder="<?php echo $entry_base_price; ?>" class="form-control" /></td>';
            ]]>
            </add>
        </operation>

        <operation error="log">
            <search><![CDATA[
                <td class="text-right"><input type="text" name="product_special[<?php echo $special_row; ?>][price]" value="<?php echo $product_special['price']; ?>" placeholder="<?php echo $entry_price; ?>" class="form-control" /></td>
            ]]>
            </search>
            <add position="replace"><![CDATA[
                <td class="text-right"><input type="text" name="product_special[<?php echo $special_row; ?>][price]" value="<?php echo $product_special['price']; ?>" placeholder="<?php echo $entry_price; ?>" class="form-control" />
                / <input type="text" name="product_special[<?php echo $special_row; ?>][base_price]" value="<?php echo $product_special['base_price']; ?>" placeholder="<?php echo $entry_base_price; ?>" class="form-control" /></td>
            ]]>
            </add>
        </operation>

        <operation error="log">
            <search><![CDATA[
                html += '  <td class="text-right"><input type="text" name="product_special[' + special_row + '][price]" value="" placeholder="<?php echo $entry_price; ?>" class="form-control" /></td>';
            ]]>
            </search>
            <add position="replace">
                <![CDATA[
                html += '  <td class="text-right"><input type="text" name="product_special[' + special_row + '][price]" value="" placeholder="<?php echo $entry_price; ?>" class="form-control" /> / <input type="text" name="product_special[' + special_row + '][base_price]" value="" placeholder="<?php echo $entry_base_price; ?>" class="form-control" /></td>';
            ]]>
            </add>
        </operation>
    </file>


    <file path="admin/language/{russian,ru-ru}/catalog/{product,mproduct}.php">
        <operation error="log">
            <search><![CDATA[<?php
            ]]>
            </search>
            <add position="after"><![CDATA[
                $_['entry_base_price']            = 'Базовая цена:';
                $_['entry_base_currency']         = 'Базовая валюта:';
            ]]>
            </add>
        </operation>
    </file>


    <file path="admin/language/{english,en-gb}/catalog/{product,mproduct}.php">
        <operation error="log">
            <search><![CDATA[<?php
            ]]>
            </search>
            <add position="after"><![CDATA[
                $_['entry_base_price']            = 'Base Price:';
                $_['entry_base_currency']         = 'Base Currency:';
            ]]>
            </add>
        </operation>
    </file>


    <file path="admin/controller/catalog/{product,mproduct}.php">
        <operation error="log">
            <search><![CDATA[
                $data['heading_title'] =
            ]]>
            </search>
            <add position="after"><![CDATA[
                $data['entry_base_price'] = $this->language->get('entry_base_price');
                $data['entry_base_currency'] = $this->language->get('entry_base_currency');
            ]]>
            </add>
        </operation>
    </file>


    <file path="admin/model/catalog/{product,mproduct}.php">
        <operation error="log">
            <search><![CDATA[
                    , sku =
                ]]>
            </search>
            <add position="replace"><![CDATA[
                    , base_price = '" . (float)$data['base_price'] . "', base_currency_code = '" . $data['base_currency_code'] . "', sku =
                ]]>
            </add>
        </operation>

        <operation error="log">
            <search><![CDATA[
                price = '" . (float)$product_option_value['price'] . "',
            ]]>
            </search>
            <add position="replace"><![CDATA[
                base_price = '" . (float)$product_option_value['base_price'] . "', price = '" . (float)$product_option_value['price'] . "',
            ]]>
            </add>
        </operation>

        <operation error="log">
            <search><![CDATA[
                'price'                   => $product_option_value['price'],
            ]]>
            </search>
            <add position="after"><![CDATA[
                'base_price'         => isset($product_option_value['base_price'])? $product_option_value['base_price'] : '',
            ]]>
            </add>
        </operation>

        <operation error="log">
            <search><![CDATA[
                priority = '" . (int)$product_discount['priority'] . "',
            ]]>
            </search>
            <add position="replace"><![CDATA[
                base_price = '" . (float)$product_discount['base_price'] . "', priority = '" . (int)$product_discount['priority'] . "',
            ]]>
            </add>
        </operation>

        <operation error="log">
            <search><![CDATA[
                priority = '" . (int)$product_special['priority'] . "',
            ]]>
            </search>
            <add position="replace"><![CDATA[
                base_price = '" . (float)$product_special['base_price'] . "', priority = '" . (int)$product_special['priority'] . "',
            ]]>
            </add>
        </operation>

        <operation error="log">
            <search><![CDATA[
                if (isset($data['product_image'])) {
            ]]>
            </search>
            <add position="before"><![CDATA[
                file(HTTPS_CATALOG."index.php?route=wgi/currency_plus&type=product&data[product_id]=".$product_id);
           ]]>
            </add>
        </operation>
    </file>


    <file path="admin/model/localisation/currency.php">
        <operation error="log">
            <search><![CDATA[
                public function refresh(
            ]]>
            </search>
            <add position="replace"><![CDATA[
                public function refresh() {
                    file_get_contents(HTTPS_CATALOG."index.php?route=wgi/currency_plus&type=all");
                }

                public function refreshOLD(
            ]]>
            </add>
        </operation>
    </file>


    <file path="admin/controller/localisation/currency.php">
        <operation error="log">
            <search><![CDATA[
                public function delete() {
            ]]>
            </search>
            <add position="before"><![CDATA[
                public function updateCurrency($type = 'all') {
                    if (isset($this->request->get['type'])) {
                        $type = $this->request->get['type'];
                    }

                    $data['token'] = $this->session->data['token'];

                    file_get_contents(HTTP_CATALOG."index.php?route=wgi/currency_plus&type=".$type);
                }
            ]]>
            </add>
        </operation>

        <operation error="log">
            <search>
            <![CDATA[
                $data['button_currency'] = $this->language->get('button_currency');
            ]]>
            </search>
            <add position="after">
            <![CDATA[
                $data['token'] = $this->session->data['token'];
                $data['button_settings'] = $this->language->get('button_settings');
            ]]>
            </add>
        </operation>
    </file>


    <file path="admin/view/template/localisation/currency_list.tpl">
        <operation error="log">
            <search>
            <![CDATA[
                <a href="<?php echo $add; ?>"
            ]]>
            </search>
            <add position="replace">
            <![CDATA[
                <a href="index.php?route=extension/module/currency_plus&token=<?php echo $token; ?>" data-toggle="tooltip" title="<?php echo $button_settings; ?>" class="btn btn-info"><i class="fa fa-edit"></i></a>
                <a href="<?php echo $add; ?>"
            ]]>
            </add>
        </operation>
    </file>


    <file path="admin/language/{russian,ru-ru}/localisation/currency.php">
        <operation error="log">
            <search><![CDATA[
                <?php
            ]]>
            </search>
            <add position="after">
            <![CDATA[
                $_['button_settings'] = 'Настройки';
            ]]>
            </add>
        </operation>
    </file>


    <file path="admin/language/{english,en-gb}/localisation/currency.php">
        <operation error="log">
            <search><![CDATA[
                <?php
            ]]>
            </search>
            <add position="after">
            <![CDATA[
                $_['button_settings'] = 'Settings';
            ]]>
            </add>
        </operation>
    </file>


    <file path="admin/view/template/editors/product/product_list.tpl">
        <operation error="log">
            <search><![CDATA[
                <i class="fa fa-pencil"></i></a>
            ]]>
            </search>
            <add position="after"><![CDATA[
                <a href="index.php?route=catalog/product/edit&token=<?php echo $token; ?>&product_id=<?php echo $product['product_id']; ?>" data-toggle="tooltip" title="<?php echo $button_edit; ?>" class="btn btn-primary"><i class="fa fa-usd"></i></a>
            ]]>
            </add>
        </operation>
    </file>

</modification>

