<modification>
    <id>Валюта Плюс - отображение базовых валют на сайте</id>
    <version>3.1</version>
    <vqmver>2.4.1</vqmver>
    <author>louise170 (louise@ya.ru)</author>

    <file name="catalog/view/theme/*/template/product/product.tpl">
        <operation error="log">
            <search position="replace"><![CDATA[<?php echo $price; ?>]]></search>
            <add><![CDATA[<?php echo $price;  ?><?php if (isset($currency_plus_show_base_price) and $currency_plus_show_base_price > 0 and isset($base_price) and !empty($base_price)) { ?><nobr>(<?php echo $base_price; ?>)</nobr><?php } ?>]]></add>
        </operation>

        <operation error="log">
            <search position="replace"><![CDATA[<?php echo $special; ?>]]></search>
            <add><![CDATA[<?php echo $special;  ?><?php if (isset($currency_plus_show_base_price) and $currency_plus_show_base_price > 0 and isset($base_special) and !empty($base_special)) { ?><nobr>(<?php echo $base_special; ?>)</nobr><?php } ?>]]></add>
        </operation>

        <operation error="log">
            <search position="replace"><![CDATA[<?php echo $product['price']; ?>]]></search>
            <add><![CDATA[<?php echo $product['price'];  ?><?php if (isset($currency_plus_show_base_price) and $currency_plus_show_base_price > 0 and isset($base_price) and !empty($base_price)) { ?><nobr>(<?php echo $product['base_price']; ?>)</nobr><?php } ?>]]></add>
        </operation>

        <operation error="log">
            <search position="replace"><![CDATA[<?php echo $product['special']; ?>]]></search>
            <add><![CDATA[<?php echo $product['special'];  ?><?php if (isset($currency_plus_show_base_price) and $currency_plus_show_base_price > 0 and isset($product['base_special']) and !empty($product['base_special'])) { ?><nobr>(<?php echo $product['base_special']; ?>)</nobr><?php } ?>]]></add>
        </operation>

        <operation error="log">
            <search position="replace"><![CDATA[echo $option_value['price'];]]></search>
            <add><![CDATA[if (isset($currency_plus_show_base_price) and $currency_plus_show_base_price > 0 and isset($option_value['base_price']) and !empty($option_value['base_price'])) {
                    echo $option_value['price'].' / '.$option_value['base_price'];
                }
                else {
                    echo $option_value['price'];
                }]]></add>
        </operation>

        <operation error="log">
            <search position="replace"><![CDATA[
                <?php echo sprintf($text_discount, $discount['quantity'], $discount['price']); ?><br />
            ]]></search>
            <add><![CDATA[<?php
                $discount_base_price = '';

                if (isset($discount['base_price']) and $discount['base_price'] != '') {
                    $discount_base_price = ' ('.$discount['base_price'].')';
                };

                echo sprintf($text_discount, $discount['quantity'], $discount['price'].$discount_base_price); ?><br />
            ]]></add>
        </operation>
    </file>


    <file name="catalog/view/theme/*/template/product/category.tpl">
        <operation error="log">
            <search position="replace"><![CDATA[<?php echo $product['price']; ?>]]></search>
            <add><![CDATA[<?php echo $product['price']; ?><?php if (isset($currency_plus_show_base_price_cat) and $currency_plus_show_base_price_cat > 0 and isset($product['base_price']) and !empty($product['base_price'])) { ?><nobr>(<?php echo $product['base_price']; ?>)</nobr><?php } ?>]]></add>
        </operation>

        <operation error="log">
            <search position="replace"><![CDATA[<?php echo $product['special']; ?>]]></search>
            <add><![CDATA[<?php echo $product['special']; ?><?php if (isset($currency_plus_show_base_price_cat) and $currency_plus_show_base_price_cat > 0 and isset($product['base_special']) and !empty($product['base_special'])) { ?><nobr>(<?php echo $product['base_special']; ?>)</nobr><?php } ?>]]></add>
        </operation>
    </file>


    <file name="catalog/view/theme/*/template/product/search.tpl">
        <operation error="log">
            <search position="replace"><![CDATA[<?php echo $product['price']; ?>]]></search>
            <add><![CDATA[<?php echo $product['price']; ?><?php if (isset($currency_plus_show_base_price_search) and $currency_plus_show_base_price_search > 0 and isset($product['base_price']) and !empty($product['base_price'])) { ?><nobr>(<?php echo $product['base_price']; ?>)</nobr><?php } ?>]]></add>
        </operation>

        <operation error="log">
            <search position="replace"><![CDATA[<?php echo $product['special']; ?>]]></search>
            <add><![CDATA[<?php echo $product['special']; ?><?php if (isset($currency_plus_show_base_price_search) and $currency_plus_show_base_price_search > 0 and isset($product['base_special']) and !empty($product['base_special'])) { ?><nobr>(<?php echo $product['base_special']; ?>)</nobr><?php } ?>]]></add>
        </operation>
    </file>


    <file name="catalog/view/theme/*/template/product/manufacturer_info.tpl">
        <operation error="log">
            <search position="replace"><![CDATA[<?php echo $product['price']; ?>]]></search>
            <add><![CDATA[<?php echo $product['price']; ?><?php if (isset($currency_plus_show_base_price_brand) and $currency_plus_show_base_price_brand > 0 and isset($product['base_price']) and !empty($product['base_price'])) { ?><nobr>(<?php echo $product['base_price']; ?>)</nobr><?php } ?>]]></add>
        </operation>

        <operation error="log">
            <search position="replace"><![CDATA[<?php echo $product['special']; ?>]]></search>
            <add><![CDATA[<?php echo $product['special']; ?><?php if (isset($currency_plus_show_base_price_brand) and $currency_plus_show_base_price_brand > 0 and isset($product['base_special']) and !empty($product['base_special'])) { ?><nobr>(<?php echo $product['base_special']; ?>)</nobr><?php } ?>]]></add>
        </operation>
    </file>


    <file name="catalog/view/theme/*/template/product/special.tpl">
        <operation error="log">
            <search position="replace"><![CDATA[<?php echo $product['price']; ?>]]></search>
            <add><![CDATA[<?php echo $product['price']; ?><?php if (isset($currency_plus_show_base_price_special) and $currency_plus_show_base_price_special > 0 and isset($product['base_price']) and !empty($product['base_price'])) { ?><nobr>(<?php echo $product['base_price']; ?>)</nobr><?php } ?>]]></add>
        </operation>

        <operation error="log">
            <search position="replace"><![CDATA[<?php echo $product['special']; ?>]]></search>
            <add><![CDATA[<?php echo $product['special']; ?><?php if (isset($currency_plus_show_base_price_special) and $currency_plus_show_base_price_special > 0 and isset($product['base_special']) and !empty($product['base_special'])) { ?><nobr>(<?php echo $product['base_special']; ?>)</nobr><?php } ?>]]></add>
        </operation>
    </file>

</modification>

