<modification>
    <id>Валюта Плюс</id>
    <version>3.1</version>
    <vqmver>2.4.1</vqmver>
    <author>louise170 (louise@ya.ru)</author>

    <file name="admin/model/setting/setting.php">
        <operation error="log">
            <search position="after"><![CDATA[
                class ModelSettingSetting extends Model {
            ]]>
            </search>
            <add><![CDATA[
                public function updateSetting($group, $data, $store_id = 0) {
                    foreach ($data as $key => $value) {
                        $query = $this->db->query("SELECT * FROM " . DB_PREFIX . "setting
                        WHERE store_id = '" . (int)$store_id . "' AND `group` = '" . $this->db->escape($group) . "' AND `key` = '" . $this->db->escape($key) . "' ");

                        if ($query->num_rows > 0) {
                            if (!is_array($value)) {
                                $this->db->query("UPDATE " . DB_PREFIX . "setting SET `value` = '" . $this->db->escape($value) . "' WHERE store_id = '" . (int)$store_id . "' AND `group` = '" . $this->db->escape($group) . "' AND `key` = '" . $this->db->escape($key) . "' ");
                            } else {
                                $this->db->query("UPDATE " . DB_PREFIX . "setting SET `value` = '" . $this->db->escape(serialize($value)) . "', serialized = '1' WHERE store_id = '" . (int)$store_id . "' AND `group` = '" . $this->db->escape($group) . "' AND `key` = '" . $this->db->escape($key) . "' ");
                            }
                        }
                        else {
                            if (!is_array($value)) {
                                $this->db->query("INSERT INTO " . DB_PREFIX . "setting SET store_id = '" . (int)$store_id . "', `group` = '" . $this->db->escape($group) . "', `key` = '" . $this->db->escape($key) . "', `value` = '" . $this->db->escape($value) . "'");
                            } else {
                                $this->db->query("INSERT INTO " . DB_PREFIX . "setting SET store_id = '" . (int)$store_id . "', `group` = '" . $this->db->escape($group) . "', `key` = '" . $this->db->escape($key) . "', `value` = '" . $this->db->escape(serialize($value)) . "', serialized = '1'");
                            }
                        }
                    }
                }
            ]]>
            </add>
        </operation>
    </file>

    <file name="admin/controller/catalog/product.php">
        <operation error="log">
            <search position="before"><![CDATA[
                if (isset($this->request->post['status'])) {
            ]]>
            </search>
            <add><![CDATA[
                if (isset($this->request->post['base_price'])) {
                    $this->data['base_price'] = $this->request->post['base_price'];
                } else if (isset($product_info['base_price'])) {
                    $this->data['base_price'] = $product_info['base_price'];
                } else {
                    $this->data['base_price'] = '';
                }

                if (isset($this->request->post['base_currency_code'])) {
                    $this->data['base_currency_code'] = $this->request->post['base_currency_code'];
                } else if (isset($product_info['base_currency_code']) and $product_info['base_currency_code'] != '') {
                    $this->data['base_currency_code'] = $product_info['base_currency_code'];
                } else {
                    $this->data['base_currency_code'] = $this->config->get('config_currency');
                }

                $this->load->model('localisation/currency');

		        $this->data['currencies'] = $this->model_localisation_currency->getCurrencies();
            ]]>
            </add>
        </operation>

        <operation error="log">
            <search position="before"><![CDATA[
                $this->data['entry_price'] = $this->language->get('entry_price');
            ]]>
            </search>
            <add><![CDATA[
                $this->data['entry_base_price'] = $this->language->get('entry_base_price');
                $this->data['entry_base_currency'] = $this->language->get('entry_base_currency');
            ]]>
            </add>
        </operation>

        <operation error="log">
            <search position="after"><![CDATA[
                'price'                   => $product_option_value['price'],
            ]]>
            </search>
            <add><![CDATA[
                'base_price'         => isset($product_option_value['base_price'])? $product_option_value['base_price'] : '',
            ]]>
            </add>
        </operation>

        <operation error="log">
            <search position="after"><![CDATA[
                if (($this->request->server['REQUEST_METHOD'] == 'POST') && $this->validateForm()) {
            ]]>
            </search>
            <add><![CDATA[
		        $this->load->model('module/currency_plus');
                $this->model_module_currency_plus->create_fields();
            ]]>
            </add>
        </operation>
    </file>


    <file name="admin/view/template/catalog/product_form.tpl">
        <operation error="log">
            <search position="after" offset="1"><![CDATA[
                <td><input type="text" name="price" value="<?php echo $price; ?>" /></td>
            ]]>
            </search>
            <add><![CDATA[
                <tr>
                  <td><?php echo $entry_base_price; ?></td>
                  <td><input type="text" name="base_price" value="<?php echo $base_price; ?>" /></td>
                </tr>
                <tr>
                  <td><?php echo $entry_base_currency; ?></td>
                  <td><select name="base_currency_code">
                      <?php foreach ($currencies as $currency) { ?>
                      <?php if ($currency['code'] == $base_currency_code) { ?>
                      <option value="<?php echo $currency['code']; ?>" selected="selected"><?php echo $currency['title']; ?></option>
                      <?php } else { ?>
                      <option value="<?php echo $currency['code']; ?>"><?php echo $currency['title']; ?></option>
                      <?php } ?>
                      <?php } ?>
                    </select></td>
                </tr>
            ]]>
            </add>
        </operation>

        <operation error="log">
            <search position="replace"><![CDATA[<td class="right"><?php echo $entry_price; ?></td>]]></search>
            <add><![CDATA[<td class="right"><?php echo $entry_price.' / '.$entry_base_price; ?></td>]]></add>
        </operation>

        <operation error="log">
            <search position="replace">
            <![CDATA[
                <input type="text" name="product_option[<?php echo $option_row; ?>][product_option_value][<?php echo $option_value_row; ?>][price]" value="<?php echo $product_option_value['price']; ?>" size="5" /></td>
            ]]>
            </search>
            <add>
            <![CDATA[
                <input type="text" name="product_option[<?php echo $option_row; ?>][product_option_value][<?php echo $option_value_row; ?>][price]" value="<?php echo $product_option_value['price']; ?>" size="5" />
                / <input type="text" name="product_option[<?php echo $option_row; ?>][product_option_value][<?php echo $option_value_row; ?>][base_price]" value="<?php echo $product_option_value['base_price']; ?>" size="5" /></td>
            ]]>
            </add>
        </operation>

        <operation error="log">
            <search position="replace">
            <![CDATA[
                html += '    <input type="text" name="product_option[' + option_row + '][product_option_value][' + option_value_row + '][price]" value="" size="5" /></td>';
            ]]>
            </search>
            <add>
            <![CDATA[
    html += '    <input type="text" name="product_option[' + option_row + '][product_option_value][' + option_value_row + '][price]" value="" size="5" />';
    html += '    / <input type="text" name="product_option[' + option_row + '][product_option_value][' + option_value_row + '][base_price]" value="" size="5" /></td>';
            ]]>
            </add>
        </operation>

        <operation error="log">
            <search position="replace">
            <![CDATA[
                <td class="right"><input type="text" name="product_discount[<?php echo $discount_row; ?>][price]" value="<?php echo $product_discount['price']; ?>" /></td>
            ]]>
            </search>
            <add>
            <![CDATA[
                <td class="right"><input type="text" name="product_discount[<?php echo $discount_row; ?>][price]" value="<?php echo $product_discount['price']; ?>" />
                / <input type="text" name="product_discount[<?php echo $discount_row; ?>][base_price]" value="<?php if (isset($product_discount['base_price'])) echo $product_discount['base_price']; ?>" /></td>
            ]]>
            </add>
        </operation>

        <operation error="log">
            <search position="replace">
            <![CDATA[
                html += '    <td class="right"><input type="text" name="product_discount[' + discount_row + '][price]" value="" /></td>';
            ]]>
            </search>
            <add>
            <![CDATA[
                html += '    <td class="right"><input type="text" name="product_discount[' + discount_row + '][price]" value="" /> / <input type="text" name="product_discount[' + discount_row + '][base_price]" value="" /></td>';
            ]]>
            </add>
        </operation>

        <operation error="log">
            <search position="replace">
            <![CDATA[
                <td class="right"><input type="text" name="product_special[<?php echo $special_row; ?>][price]" value="<?php echo $product_special['price']; ?>" /></td>
            ]]>
            </search>
            <add>
            <![CDATA[
                <td class="right"><input type="text" name="product_special[<?php echo $special_row; ?>][price]" value="<?php echo $product_special['price']; ?>" />
                / <input type="text" name="product_special[<?php echo $special_row; ?>][base_price]" value="<?php if (isset($product_special['base_price'])) echo $product_special['base_price']; ?>" /></td>
            ]]>
            </add>
        </operation>

        <operation error="log">
            <search position="replace">
            <![CDATA[
                html += '    <td class="right"><input type="text" name="product_special[' + special_row + '][price]" value="" /></td>';
            ]]>
            </search>
            <add>
            <![CDATA[
                html += '    <td class="right"><input type="text" name="product_special[' + special_row + '][price]" value="" /> / <input type="text" name="product_special[' + special_row + '][base_price]" value="" /></td>';
            ]]>
            </add>
        </operation>
    </file>


    <file name="admin/language/russian/catalog/product.php">
        <operation error="log">
            <search position="after"><![CDATA[
                <?php
            ]]>
            </search>
            <add>
                <![CDATA[
                $_['entry_base_price']            = 'Базовая цена:';
                $_['entry_base_currency']         = 'Базовая валюта:';
            ]]>
            </add>
        </operation>
    </file>


    <file name="admin/language/ukrainian/catalog/product.php">
        <operation error="log">
            <search position="after"><![CDATA[
                <?php
            ]]>
            </search>
            <add>
                <![CDATA[
                $_['entry_base_price']            = 'Базова ціна:';
                $_['entry_base_currency']         = 'Базова валюта:';
            ]]>
            </add>
        </operation>
    </file>


    <file name="admin/language/english/catalog/product.php">
        <operation error="log">
            <search position="after"><![CDATA[
                <?php
            ]]>
            </search>
            <add>
                <![CDATA[
                $_['entry_base_price']            = 'Base Price:';
                $_['entry_base_currency']         = 'Base Currency:';
            ]]>
            </add>
        </operation>
    </file>


    <file name="admin/model/catalog/product.php">
        <operation error="log">
			<search position="replace"><![CDATA[, sku =]]></search>
			<add><![CDATA[, base_price = '" . (float)$data['base_price'] . "', base_currency_code = '" . $data['base_currency_code'] . "', sku =]]></add>
        </operation>

        <operation error="log">
            <search position="replace"><![CDATA[price = '" . (float)$product_option_value['price'] . "',]]></search>
            <add><![CDATA[base_price = '" . (float)$product_option_value['base_price'] . "', price = '" . (float)$product_option_value['price'] . "',]]></add>
        </operation>

        <operation error="log">
            <search position="after">
            <![CDATA[
                'price'                   => $product_option_value['price'],
            ]]>
            </search>
            <add>
            <![CDATA[
                'base_price'         => isset($product_option_value['base_price'])? $product_option_value['base_price'] : '',
            ]]>
            </add>
        </operation>

        <operation error="log">
            <search position="replace">
            <![CDATA[
                priority = '" . (int)$product_discount['priority'] . "',
            ]]>
            </search>
            <add>
            <![CDATA[
                base_price = '" . (float)$product_discount['base_price'] . "', priority = '" . (int)$product_discount['priority'] . "',
            ]]>
            </add>
        </operation>

        <operation error="log">
            <search position="replace">
            <![CDATA[
                priority = '" . (int)$product_special['priority'] . "',
            ]]>
            </search>
            <add>
            <![CDATA[
                base_price = '" . (float)$product_special['base_price'] . "', priority = '" . (int)$product_special['priority'] . "',
            ]]>
            </add>
        </operation>

        <operation error="log">
            <search position="replace">
            <![CDATA[
                priority = '" . (int)$value['priority'] . "',
            ]]>
            </search>
            <add>
            <![CDATA[
                base_price = '" . (float)$value['base_price'] . "', priority = '" . (int)$value['priority'] . "',
            ]]>
            </add>
        </operation>

        <operation error="log">
            <search position="before">
            <![CDATA[
                if (isset($data['product_image'])) {
            ]]>
            </search>
            <add>
            <![CDATA[
                file_get_contents(HTTPS_CATALOG."index.php?route=wgi/currency_plus&type=product&data[product_id]=".$product_id);
            ]]>
            </add>
        </operation>
    </file>


    <file name="admin/model/localisation/currency.php">
        <operation error="log">
            <search position="replace">
            <![CDATA[
                public function updateCurrencies(
            ]]>
            </search>
            <add>
            <![CDATA[
                public function updateCurrencies() {
                    file_get_contents(HTTPS_CATALOG."index.php?route=wgi/currency_plus&type=all");
                }

                public function updateCurrenciesOLD(
            ]]>
            </add>
        </operation>
    </file>


    <file name="admin/controller/localisation/currency.php">
        <operation error="log">
            <search position="before">
            <![CDATA[
                public function delete() {
            ]]>
            </search>
            <add>
            <![CDATA[
                public function updatecurrency($type = 'all') {
                    if (isset($this->request->get['type'])) {
                        $type = $this->request->get['type'];
                    }

                    $this->data['token'] = $this->session->data['token'];

                    $this->load->model('localisation/currency');
                    $this->model_localisation_currency->updateCurrencies(true, $type);
                }
            ]]>
            </add>
        </operation>

        <operation error="log">
            <search position="after">
            <![CDATA[
                $this->load->model('localisation/currency');
            ]]>
            </search>
            <add>
            <![CDATA[
                $this->data['token'] = $this->session->data['token'];
                $this->data['button_settings'] = $this->language->get('button_settings');
            ]]>
            </add>
        </operation>
    </file>


    <file name="admin/view/template/localisation/currency_list.tpl">
        <operation error="log">
            <search position="replace">
            <![CDATA[
                <div class="buttons">
            ]]>
            </search>
            <add>
            <![CDATA[
                <div class="buttons"><a href="index.php?route=module/currency_plus&token=<?php echo $token; ?>" class="button"><span><?php echo $button_settings;?></span></a>
            ]]>
            </add>
        </operation>
    </file>


    <file name="admin/language/russian/localisation/currency.php">
        <operation error="log">
            <search position="before">
            <![CDATA[
                ?>
            ]]>
            </search>
            <add>
            <![CDATA[
                $_['button_settings'] = 'Настройки';
            ]]>
            </add>
        </operation>
    </file>


    <file name="admin/language/english/localisation/currency.php">
        <operation error="log">
            <search position="before">
                <![CDATA[
                ?>
            ]]>
            </search>
            <add>
            <![CDATA[
                $_['button_settings'] = 'Settings';
            ]]>
            </add>
        </operation>
    </file>


    <file name="catalog/model/catalog/product.php">
        <operation error="log">
            <search position="replace">
            <![CDATA[
                AS special,
            ]]>
            </search>
            <add>
            <![CDATA[
                AS special, (SELECT base_price FROM " . DB_PREFIX . "product_special ps WHERE ps.product_id = p.product_id AND ps.customer_group_id = '" . (int)$customer_group_id . "' AND
                ((ps.date_start = '0000-00-00' OR ps.date_start < NOW()) AND (ps.date_end = '0000-00-00' OR ps.date_end > NOW()))
                ORDER BY ps.priority ASC, ps.price ASC LIMIT 1) AS base_special,
            ]]>
            </add>
        </operation>

        <operation error="log">
            <search position="after">
                <![CDATA[
                => $query->row['special'],
            ]]>
            </search>
            <add>
                <![CDATA[
                'base_price'          => $query->row['base_price'],
                'base_special'        => $query->row['base_special'],
                'base_currency_code'  => $query->row['base_currency_code'],
            ]]>
            </add>
        </operation>

        <operation error="log">
            <search position="after">
                <![CDATA[
                => $product_option_value['price'],
            ]]>
            </search>
            <add>
                <![CDATA[
                'base_price' => $product_option_value['base_price'],
            ]]>
            </add>
        </operation>
    </file>

    <file name="catalog/controller/product/category.php">
        <operation error="log">
            <search position="replace">
                <![CDATA[
                => $price,
            ]]>
            </search>
            <add>
                <![CDATA[
                => $price,
                'base_price'          => (isset($result['base_price']) and $result['base_price'] > 0 ) ? $this->currency->format(1, $result['base_currency_code'], $result['base_price'], true) : '',
                'base_special'        => (isset($result['base_special']) and $result['base_special'] > 0 ) ? $this->currency->format(1, $result['base_currency_code'], $result['base_special'], true) : '',
            ]]>
            </add>
        </operation>

        <operation error="log">
            <search position="before">
            <![CDATA[
                $this->data['products'] = array();
            ]]>
            </search>
            <add>
            <![CDATA[
                if ($this->config->get('currency_plus_show_base_price_cat')) {
                    $this->data['currency_plus_show_base_price_cat'] = $this->config->get('currency_plus_show_base_price_cat');
                }
                else {
                    $this->data['currency_plus_show_base_price_cat'] = 0;
                }
            ]]>
            </add>
        </operation>
    </file>


    <file name="catalog/controller/product/special.php">
        <operation error="log">
            <search position="replace">
                <![CDATA[
                => $price,
            ]]>
            </search>
            <add>
                <![CDATA[
                => $price,
                'base_price'          => (isset($result['base_price']) and $result['base_price'] > 0 ) ? $this->currency->format(1, $result['base_currency_code'], $result['base_price'], true) : '',
                'base_special'        => (isset($result['base_special']) and $result['base_special'] > 0 ) ? $this->currency->format(1, $result['base_currency_code'], $result['base_special'], true) : '',
            ]]>
            </add>
        </operation>

        <operation error="log">
            <search position="before">
            <![CDATA[
                $this->data['products'] = array();
            ]]>
            </search>
            <add>
                <![CDATA[
                if ($this->config->get('currency_plus_show_base_price_special')) {
                    $this->data['currency_plus_show_base_price_special'] = $this->config->get('currency_plus_show_base_price_special');
                }
                else {
                    $this->data['currency_plus_show_base_price_special'] = 0;
                }
            ]]>
            </add>
        </operation>
    </file>


    <file name="catalog/controller/product/manufacturer.php">
        <operation error="log">
            <search position="replace">
                <![CDATA[
                => $price,
            ]]>
            </search>
            <add>
                <![CDATA[
                => $price,
                'base_price'          => (isset($result['base_price']) and $result['base_price'] > 0 ) ? $this->currency->format(1, $result['base_currency_code'], $result['base_price'], true) : '',
                'base_special'        => (isset($result['base_special']) and $result['base_special'] > 0 ) ? $this->currency->format(1, $result['base_currency_code'], $result['base_special'], true) : '',
            ]]>
            </add>
        </operation>

        <operation error="log">
            <search position="before">
            <![CDATA[
                $this->data['products'] = array();
            ]]>
            </search>
            <add>
                <![CDATA[
                if ($this->config->get('currency_plus_show_base_price_brand')) {
                    $this->data['currency_plus_show_base_price_brand'] = $this->config->get('currency_plus_show_base_price_brand');
                }
                else {
                    $this->data['currency_plus_show_base_price_brand'] = 0;
                }
            ]]>
            </add>
        </operation>
    </file>


    <file name="catalog/controller/product/search.php">
        <operation error="log">
            <search position="replace">
            <![CDATA[
                => $price,
            ]]>
            </search>
            <add>
            <![CDATA[
                => $price,
                'base_price'          => (isset($result['base_price']) and $result['base_price'] > 0 ) ? $this->currency->format(1, $result['base_currency_code'], $result['base_price'], true) : '',
                'base_special'        => (isset($result['base_special']) and $result['base_special'] > 0 ) ? $this->currency->format(1, $result['base_currency_code'], $result['base_special'], true) : '',
            ]]>
            </add>
        </operation>

        <operation error="log">
            <search position="before">
            <![CDATA[
                $this->data['products'] = array();
            ]]>
            </search>
            <add>
            <![CDATA[
                if ($this->config->get('currency_plus_show_base_price_search')) {
                    $this->data['currency_plus_show_base_price_search'] = $this->config->get('currency_plus_show_base_price_search');
                }
                else {
                    $this->data['currency_plus_show_base_price_search'] = 0;
                }
            ]]>
            </add>
        </operation>
    </file>


    <file name="catalog/controller/product/product.php">
        <operation error="log">
            <search position="replace" index="2">
            <![CDATA[
                => $price,
            ]]>
            </search>
            <add>
            <![CDATA[
                => $price,
                'base_price'          => (isset($result['base_price']) and $result['base_price'] > 0 ) ? $this->currency->format(1, $result['base_currency_code'], $result['base_price'], true) : '',
                'base_special'        => (isset($result['base_special']) and $result['base_special'] > 0 ) ? $this->currency->format(1, $result['base_currency_code'], $result['base_special'], true) : '',
            ]]>
            </add>
        </operation>

        <operation error="log">
            <search position="before">
            <![CDATA[
                $this->data['products'] = array();
            ]]>
            </search>
            <add>
            <![CDATA[
                if (isset($product_info['base_price']) and $product_info['base_price'] > 0) {
                    $this->data['base_price'] =  $this->currency->format(1, $product_info['base_currency_code'], $product_info['base_price'], true);
                }
                else {
                    $this->data['base_price'] = '';
                }

                if (isset($product_info['base_special']) and $product_info['base_special'] > 0) {
                    $this->data['base_special'] =  $this->currency->format(1, $product_info['base_currency_code'], $product_info['base_special'], true);
                }
                else {
                    $this->data['base_special'] = '';
                }

                if (isset($product_info['base_currency_code'])) {
                    $this->data['base_currency_code'] = $product_info['base_currency_code'];
                }
                else {
                    $this->data['base_currency_code'] = '';
                }

                if ($this->config->get('currency_plus_show_base_price')) {
                    $this->data['currency_plus_show_base_price'] = $this->config->get('currency_plus_show_base_price');
                }
                else {
                    $this->data['currency_plus_show_base_price'] = 0;
                }
            ]]>
            </add>
        </operation>

        <operation error="log">
            <search position="after">
            <![CDATA[
                'name'                    => $option_value['name'],
            ]]>
            </search>
            <add>
            <![CDATA[
                'base_price' => (isset($option_value['base_price']) and $option_value['base_price'] > 0) ? $this->currency->format(1, $product_info['base_currency_code'], $option_value['base_price'], true) : '',
            ]]>
            </add>
        </operation>
        <operation error="log">
            <search position="after">
            <![CDATA[
                'quantity' => $discount['quantity'],
            ]]>
            </search>
            <add>
            <![CDATA[
                'base_price' => (isset($discount['base_price']) and $discount['base_price'] > 0) ? $this->currency->format(1, $product_info['base_currency_code'], $discount['base_price'], true) : '',
            ]]>
            </add>
        </operation>
    </file>

	<file name="admin/model/catalog/batch_editor/product_edit.php">
        <operation error="log">
            <search position="after" offset="2"><![CDATA[
                $this->db->query('UPDATE ' . DB_PREFIX . 'product SET ' . $field . ' = "' . $value . '",
            ]]>
            </search>
            <add><![CDATA[
                if ($field == 'base_price' or $field == 'base_currency_code' or $field == 'extra_charge') {
                    file_get_contents(HTTP_CATALOG . "index.php?route=wgi/currency_plus&type=product&data[product_id]=" . $product_id);
                }
            ]]>
            </add>
        </operation>
    </file>
	
</modification>

