<modification>
    <id>Валюта Плюс для Option To Product</id>
    <version>3.1</version>
    <vqmver>2.4.1</vqmver>
    <author>louise170 (louise@ya.ru)</author>

    <file name="admin/view/template/catalog/product_form.tpl">
        <operation error="log">
            <search position="replace"><![CDATA['<td class="left">'.$tab_special.':</td>']]></search>
            <add><![CDATA['<td class="left">'.$tab_special.': / '.$entry_base_price.'</td>']]></add>
        </operation>

        <operation error="log">
            <search position="replace"><![CDATA['<td class="left"><?php echo $tab_special; ?>:</td>']]></search>
            <add><![CDATA['<td class="left"><?php echo $tab_special; ?>: / <?php echo $entry_base_price; ?></td>']]></add>
        </operation>

        <operation error="log">
            <search position="replace">
            <![CDATA[
                $html .= '<input type="text" name="otp_options[otp_option_value]['.$otp_option_value_row.'][price]" value="'.$otp_option_value['price'].'" size="5" /></td>';
            ]]>
            </search>
            <add>
            <![CDATA[
                $html .= '<input type="text" name="otp_options[otp_option_value]['.$otp_option_value_row.'][price]" value="'.$otp_option_value['price'].'" size="5" />&nbsp;/&nbsp;<input type="text" name="otp_options[otp_option_value]['.$otp_option_value_row.'][base_price]" value="'.$otp_option_value['base_price'].'" size="5" /></td>';
            ]]>
            </add>
        </operation>

        <operation error="log">
            <search position="replace">
            <![CDATA[
                $html .= '<td><input type="text" name="otp_options[otp_option_value]['.$otp_option_value_row.'][special]" value="'.$otp_option_value['special'].'" size="5" /></td>';
	        ]]>
            </search>
            <add>
            <![CDATA[
                $html .= '<td><input type="text" name="otp_options[otp_option_value]['.$otp_option_value_row.'][special]" value="'.$otp_option_value['special'].'" size="5" />&nbsp;/&nbsp;<input type="text" name="otp_options[otp_option_value]['.$otp_option_value_row.'][base_special]" value="'.$otp_option_value['base_special'].'" size="5" /></td>';
	        ]]>
            </add>
        </operation>

        <operation error="log">
            <search position="replace"><![CDATA[
                html += '</select><input type="text" name="otp_options[otp_option_value][' + otp_option_value_row + '][price]" value="" size="5" /></td>';
            ]]>
            </search>
            <add><![CDATA[
                html += '</select><input type="text" name="otp_options[otp_option_value][' + otp_option_value_row + '][price]" value="" size="5" />&nbsp;/&nbsp;<input type="text" name="otp_options[otp_option_value][' + otp_option_value_row + '][base_price]" value="" size="5" /></td>';
            ]]>
            </add>
        </operation>

        <operation error="log">
            <search position="replace"><![CDATA[
                <input type="hidden" name="otp_options[otp_option_value][' + otp_option_value_row + '][price]" value="">
            ]]>
            </search>
            <add><![CDATA[
                <input type="hidden" name="otp_options[otp_option_value][' + otp_option_value_row + '][price]" value=""><input type="hidden" name="otp_options[otp_option_value][' + otp_option_value_row + '][base_price]" value="">
            ]]>
            </add>
        </operation>

        <operation error="log">
            <search position="replace">
            <![CDATA[
                html += '<td><input type="text" name="otp_options[otp_option_value][' + otp_option_value_row + '][special]" value="" size="5" /></td>';
            ]]>
            </search>
            <add>
            <![CDATA[
                html += '<td><input type="text" name="otp_options[otp_option_value][' + otp_option_value_row + '][special]" value="" size="5" />&nbsp;/&nbsp;<input type="text" name="otp_options[otp_option_value][' + otp_option_value_row + '][base_special]" value="" size="5" /></td>';
            ]]>
            </add>
        </operation>

        <operation error="log">
            <search position="replace"><![CDATA[
                <input type="hidden" name="otp_options[otp_option_value][' + otp_option_value_row + '][special]" value="">
            ]]>
            </search>
            <add><![CDATA[
                <input type="hidden" name="otp_options[otp_option_value][' + otp_option_value_row + '][special]" value=""><input type="hidden" name="otp_options[otp_option_value][' + otp_option_value_row + '][base_special]" value="">
            ]]>
            </add>
        </operation>

        <operation error="log">
            <search position="replace"><![CDATA[<td class="left"><?php echo $entry_price; ?></td>]]></search>
            <add><![CDATA[<td class="left"><?php echo $entry_price.' / '.$entry_base_price; ?></td>]]></add>
        </operation>

        <operation error="log">
            <search position="replace"><![CDATA['<td class="left">'.$entry_price.'</td>']]></search>
            <add><![CDATA['<td class="left">'.$entry_price.' / '.$entry_base_price.'</td>']]></add>
        </operation>
    </file>

    <file name="admin/model/catalog/product.php">
        <operation error="log">
            <search position="replace">
            <![CDATA[
                price = '" . $option_value['price'] . "',
            ]]>
            </search>
            <add>
            <![CDATA[
                base_price = '" . $option_value['base_price'] . "', base_special = '" . $option_value['base_special'] . "', price = '" . $option_value['price'] . "',
            ]]>
            </add>
        </operation>

        <operation error="log">
            <search position="after"><![CDATA[
                => $otp_option_value['id'],
            ]]>
            </search>
            <add><![CDATA[
                'base_price'   => $otp_option_value['base_price'],
                'base_special' => $otp_option_value['base_special'],
            ]]>
            </add>
        </operation>
    </file>


    <file name="admin/model/module/currency_plus.php">
        <operation error="log">
            <search position="after">
            <![CDATA[
                public function create_fields() {
            ]]>
            </search>
            <add>
            <![CDATA[
                if (file_exists( str_replace("system", "vqmod/xml", DIR_SYSTEM) . 'option_to_product.xml')) {
                    $query = $this->db->query("SHOW COLUMNS FROM " . DB_PREFIX . "otp_data WHERE field = 'base_price'");
                    if (count($query->rows) == 0) {
                        $this->db->query("ALTER TABLE `" . DB_PREFIX . "otp_data` ADD COLUMN `base_price` decimal(15,4) NOT NULL;");
                    }

                    $query = $this->db->query("SHOW COLUMNS FROM " . DB_PREFIX . "otp_data WHERE field = 'base_special'");
                    if (count($query->rows) == 0) {
                        $this->db->query("ALTER TABLE `" . DB_PREFIX . "otp_data` ADD COLUMN `base_special` decimal(15,4) NOT NULL;");
                    }
                }
            ]]>
            </add>
        </operation>

        <operation error="log">
            <search position="after">
            <![CDATA[
                $this->db->query($sql_6);
            ]]>
            </search>
            <add>
            <![CDATA[
                if (file_exists( str_replace("system", "vqmod/xml", DIR_SYSTEM) . 'option_to_product.xml')) {

                    $round_val_spec = $this->roundPriceValue('base_special', $value, $this->config->get('currency_plus_round'));

                    $sql_7 = "UPDATE " . DB_PREFIX . "otp_data SET price = ".$round_val.", special = ".$round_val_spec."
                              WHERE base_price > 0 AND product_id = '".$result['product_id']."' ";
                    $this->db->query($sql_7);
                }
            ]]>
            </add>
        </operation>
    </file>

</modification>

