<modification>
    <name>Валюта Плюс - отображение базовых валют на сайте</name>
    <code>LouiseCurrencyPlusFrontEnd</code>
    <version>3.1</version>
    <author>louise170 (louise@ya.ru)</author>
    <link><![CDATA[https://opencartforum.com/files/file/1645-валюта-плюс/]]></link>

    <file path="catalog/model/catalog/product.php">
        <operation error="log">
            <search><![CDATA[
                AS special,
            ]]>
            </search>
            <add position="replace">
                <![CDATA[
                AS special, (SELECT base_price FROM " . DB_PREFIX . "product_special ps WHERE ps.product_id = p.product_id AND ps.customer_group_id = '" . (int)$this->config->get('config_customer_group_id'). "' AND
                ((ps.date_start = '0000-00-00' OR ps.date_start < NOW()) AND (ps.date_end = '0000-00-00' OR ps.date_end > NOW()))
                ORDER BY ps.priority ASC, ps.price ASC LIMIT 1) AS base_special,
            ]]>
            </add>
        </operation>

        <operation error="log">
            <search><![CDATA[
                => $query->row['special'],
            ]]>
            </search>
            <add position="after"><![CDATA[
                'base_price'          => $query->row['base_price'],
                'base_special'        => $query->row['base_special'],
                'base_currency_code'  => $query->row['base_currency_code'],
            ]]>
            </add>
        </operation>

        <operation error="log">
            <search><![CDATA[
                => $product_option_value['price'],
            ]]>
            </search>
            <add position="after"><![CDATA[
                'base_price' => $product_option_value['base_price'],
            ]]>
            </add>
        </operation>
    </file>


    <file path="catalog/controller/product/product.php">
        <operation error="log">
            <search>
                <![CDATA[
                $data['products'][] = array(
            ]]>
            </search>
            <add position="after">
                <![CDATA[
                'base_price'          => (isset($result['base_price']) and $result['base_price'] > 0 ) ? $this->currency->format(1, $result['base_currency_code'], $result['base_price'], true) : '',
                'base_special'        => (isset($result['base_special']) and $result['base_special'] > 0 ) ? $this->currency->format(1, $result['base_currency_code'], $result['base_special'], true) : '',
            ]]>
            </add>
        </operation>

        <operation error="log">
            <search>
                <![CDATA[
                $data['products'] = array();
            ]]>
            </search>
            <add position="before">
                <![CDATA[
                if (isset($product_info['base_price']) and $product_info['base_price'] > 0) {
                    $data['base_price'] =  $this->currency->format(1, $product_info['base_currency_code'], $product_info['base_price'], true);
                }
                else {
                    $data['base_price'] = '';
                }

                if (isset($product_info['base_special']) and $product_info['base_special'] > 0) {
                    $data['base_special'] =  $this->currency->format(1, $product_info['base_currency_code'], $product_info['base_special'], true);
                }
                else {
                    $data['base_special'] = '';
                }

                if (isset($product_info['base_currency_code'])) {
                    $data['base_currency_code'] = $product_info['base_currency_code'];
                }
                else {
                    $data['base_currency_code'] = '';
                }

                if ($this->config->get('currency_plus_show_base_price')) {
                    $data['currency_plus_show_base_price'] = $this->config->get('currency_plus_show_base_price');
                }
                else {
                    $data['currency_plus_show_base_price'] = 0;
                }
            ]]>
            </add>
        </operation>

        <operation error="log">
            <search>
                <![CDATA[
                'name'                    => $option_value['name'],
            ]]>
            </search>
            <add position="after">
                <![CDATA[
                'base_price' => (isset($option_value['base_price']) and $option_value['base_price'] > 0) ? $this->currency->format(1, $product_info['base_currency_code'], $option_value['base_price'], true) : '',
            ]]>
            </add>
        </operation>
        <operation error="log">
            <search>
                <![CDATA[
                'quantity' => $discount['quantity'],
            ]]>
            </search>
            <add position="after">
                <![CDATA[
                'base_price' => (isset($discount['base_price']) and $discount['base_price'] > 0) ? $this->currency->format(1, $product_info['base_currency_code'], $discount['base_price'], true) : '',
            ]]>
            </add>
        </operation>
    </file>


    <file path="catalog/controller/product/category.php">
        <operation error="log">
            <search><![CDATA[
                => $price,
            ]]>
            </search>
            <add position="replace"><![CDATA[
                => $price,
                'base_price'          => (isset($result['base_price']) and $result['base_price'] > 0 ) ? $this->currency->format(1, $result['base_currency_code'], $result['base_price'], true) : '',
                'base_special'        => (isset($result['base_special']) and $result['base_special'] > 0 ) ? $this->currency->format(1, $result['base_currency_code'], $result['base_special'], true) : '',
            ]]>
            </add>
        </operation>

        <operation error="log">
            <search>
                <![CDATA[
                $data['products'] = array();
            ]]>
            </search>
            <add position="before">
                <![CDATA[
                if ($this->config->get('currency_plus_show_base_price_cat')) {
                    $data['currency_plus_show_base_price_cat'] = $this->config->get('currency_plus_show_base_price_cat');
                }
                else {
                    $data['currency_plus_show_base_price_cat'] = 0;
                }
            ]]>
            </add>
        </operation>
    </file>


    <file path="catalog/controller/product/special.php">
        <operation error="log">
            <search>
                <![CDATA[
                => $price,
            ]]>
            </search>
            <add position="replace">
                <![CDATA[
                => $price,
                'base_price'          => (isset($result['base_price']) and $result['base_price'] > 0 ) ? $this->currency->format(1, $result['base_currency_code'], $result['base_price'], true) : '',
                'base_special'        => (isset($result['base_special']) and $result['base_special'] > 0 ) ? $this->currency->format(1, $result['base_currency_code'], $result['base_special'], true) : '',
            ]]>
            </add>
        </operation>

        <operation error="log">
            <search>
                <![CDATA[
                $data['products'] = array();
            ]]>
            </search>
            <add position="before">
                <![CDATA[
                if ($this->config->get('currency_plus_show_base_price_special')) {
                    $data['currency_plus_show_base_price_special'] = $this->config->get('currency_plus_show_base_price_special');
                }
                else {
                    $data['currency_plus_show_base_price_special'] = 0;
                }
            ]]>
            </add>
        </operation>
    </file>


    <file path="catalog/controller/product/manufacturer.php">
        <operation error="log">
            <search>
                <![CDATA[
                => $price,
            ]]>
            </search>
            <add position="replace">
                <![CDATA[
                => $price,
                'base_price'          => (isset($result['base_price']) and $result['base_price'] > 0 ) ? $this->currency->format(1, $result['base_currency_code'], $result['base_price'], true) : '',
                'base_special'        => (isset($result['base_special']) and $result['base_special'] > 0 ) ? $this->currency->format(1, $result['base_currency_code'], $result['base_special'], true) : '',
            ]]>
            </add>
        </operation>

        <operation error="log">
            <search>
                <![CDATA[
                $data['products'] = array();
            ]]>
            </search>
            <add position="before">
                <![CDATA[
                if ($this->config->get('currency_plus_show_base_price_brand')) {
                    $data['currency_plus_show_base_price_brand'] = $this->config->get('currency_plus_show_base_price_brand');
                }
                else {
                    $data['currency_plus_show_base_price_brand'] = 0;
                }
            ]]>
            </add>
        </operation>
    </file>


    <file path="catalog/controller/product/search.php">
        <operation error="log">
            <search>
                <![CDATA[
                => $price,
            ]]>
            </search>
            <add position="replace">
                <![CDATA[
                => $price,
                'base_price'          => (isset($result['base_price']) and $result['base_price'] > 0 ) ? $this->currency->format(1, $result['base_currency_code'], $result['base_price'], true) : '',
                'base_special'        => (isset($result['base_special']) and $result['base_special'] > 0 ) ? $this->currency->format(1, $result['base_currency_code'], $result['base_special'], true) : '',
            ]]>
            </add>
        </operation>

        <operation error="log">
            <search>
                <![CDATA[
                $data['products'] = array();
            ]]>
            </search>
            <add position="before">
                <![CDATA[
                if ($this->config->get('currency_plus_show_base_price_search')) {
                    $data['currency_plus_show_base_price_search'] = $this->config->get('currency_plus_show_base_price_search');
                }
                else {
                    $data['currency_plus_show_base_price_search'] = 0;
                }
            ]]>
            </add>
        </operation>
    </file>


    <file path="catalog/view/theme/*/template/product/product.tpl">
        <operation error="log">
            <search><![CDATA[
                <?php echo $price; ?>
            ]]>
            </search>
            <add position="replace"><![CDATA[
                <?php echo $price;  ?>

                <?php if (isset($currency_plus_show_base_price) and $currency_plus_show_base_price > 0 and isset($base_price) and !empty($base_price)) { ?>
                    <nobr>(<?php echo $base_price; ?>)</nobr>
                <?php } ?>
            ]]>
            </add>
        </operation>

        <operation error="log">
            <search><![CDATA[
                <?php echo $special; ?>
            ]]>
            </search>
            <add position="replace"><![CDATA[
                <?php echo $special;  ?>

                <?php if (isset($currency_plus_show_base_price) and $currency_plus_show_base_price > 0 and isset($base_special) and !empty($base_special)) { ?>
                    <nobr>(<?php echo $base_special; ?>)</nobr>
                <?php } ?>
            ]]>
            </add>
        </operation>

        <operation error="log">
            <search><![CDATA[
                <?php echo $product['price']; ?>
            ]]>
            </search>
            <add position="replace"><![CDATA[
                <?php echo $product['price'];  ?>

                <?php if (isset($currency_plus_show_base_price) and $currency_plus_show_base_price > 0 and isset($base_price) and !empty($base_price)) { ?>
                    <nobr>(<?php echo $product['base_price']; ?>)</nobr>
                <?php } ?>
            ]]>
            </add>
        </operation>

        <operation error="log">
            <search><![CDATA[
                <?php echo $product['special']; ?>
            ]]>
            </search>
            <add position="replace"><![CDATA[
                <?php echo $product['special'];  ?>

                <?php if (isset($currency_plus_show_base_price) and $currency_plus_show_base_price > 0 and isset($product['base_special']) and !empty($product['base_special'])) { ?>
                    <nobr>(<?php echo $product['base_special']; ?>)</nobr>
                <?php } ?>
            ]]>
            </add>
        </operation>

        <operation error="log">
            <search><![CDATA[
                echo $option_value['price'];
            ]]>
            </search>
            <add position="replace"><![CDATA[
                if (isset($currency_plus_show_base_price) and $currency_plus_show_base_price > 0 and isset($option_value['base_price']) and !empty($option_value['base_price'])) {
                    echo $option_value['price'].' / '.$option_value['base_price'];
                }
                else {
                    echo $option_value['price'];
                }
            ]]>
            </add>
        </operation>

        <operation error="log">
            <search><![CDATA[
                <li><?php echo $discount['quantity']; ?><?php echo $text_discount; ?><?php echo $discount['price']; ?></li>
            ]]>
            </search>
            <add position="replace"><![CDATA[
                <?php
                $discount_base_price = '';

                if (isset($discount['base_price']) and $discount['base_price'] != '') {
                    $discount_base_price = ' ('.$discount['base_price'].')';
                };
                ?>

                <li><?php echo $discount['quantity']; ?><?php echo $text_discount; ?><?php echo $discount['price'].$discount_base_price; ?></li>
            ]]>
            </add>
        </operation>
    </file>


    <file path="catalog/view/theme/*/template/product/category.tpl">
        <operation error="log">
            <search><![CDATA[
                <?php echo $product['price']; ?>
            ]]>
            </search>
            <add position="replace"><![CDATA[
                <?php echo $product['price']; ?>

                <?php if (isset($currency_plus_show_base_price_cat) and $currency_plus_show_base_price_cat > 0 and isset($product['base_price']) and !empty($product['base_price'])) { ?>
                    <nobr>(<?php echo $product['base_price']; ?>)</nobr>
                <?php } ?>
            ]]>
            </add>
        </operation>

        <operation error="log">
            <search><![CDATA[
                <?php echo $product['special']; ?>
            ]]>
            </search>
            <add position="replace"><![CDATA[
                <?php echo $product['special']; ?>

                <?php if (isset($currency_plus_show_base_price_cat) and $currency_plus_show_base_price_cat > 0 and isset($product['base_special']) and !empty($product['base_special'])) { ?>
                    <nobr>(<?php echo $product['base_special']; ?>)</nobr>
                <?php } ?>
            ]]>
            </add>
        </operation>
    </file>


    <file path="catalog/view/theme/*/template/product/search.tpl">
        <operation error="log">
            <search><![CDATA[
                <?php echo $product['price']; ?>
            ]]>
            </search>
            <add position="replace"><![CDATA[
                <?php echo $product['price']; ?>

                <?php if (isset($currency_plus_show_base_price_search) and $currency_plus_show_base_price_search > 0 and isset($product['base_price']) and !empty($product['base_price'])) { ?>
                    <nobr>(<?php echo $product['base_price']; ?>)</nobr>
                <?php } ?>
            ]]>
            </add>
        </operation>

        <operation error="log">
            <search>
                <![CDATA[
                <?php echo $product['special']; ?>
            ]]>
            </search>
            <add position="replace"><![CDATA[
                <?php echo $product['special']; ?>

                <?php if (isset($currency_plus_show_base_price_search) and $currency_plus_show_base_price_search > 0 and isset($product['base_special']) and !empty($product['base_special'])) { ?>
                    <nobr>(<?php echo $product['base_special']; ?>)</nobr>
                <?php } ?>
            ]]>
            </add>
        </operation>
    </file>


    <file path="catalog/view/theme/*/template/product/manufacturer_info.tpl">
        <operation error="log">
            <search><![CDATA[
                <?php echo $product['price']; ?>
            ]]>
            </search>
            <add position="replace">
                <![CDATA[
                <?php echo $product['price']; ?>

                <?php if (isset($currency_plus_show_base_price_brand) and $currency_plus_show_base_price_brand > 0 and isset($product['base_price']) and !empty($product['base_price'])) { ?>
                    <nobr>(<?php echo $product['base_price']; ?>)</nobr>
                <?php } ?>
            ]]>
            </add>
        </operation>

        <operation error="log">
            <search>
                <![CDATA[
                <?php echo $product['special']; ?>
            ]]>
            </search>
            <add position="replace">
                <![CDATA[
                <?php echo $product['special']; ?>

                <?php if (isset($currency_plus_show_base_price_brand) and $currency_plus_show_base_price_brand > 0 and isset($product['base_special']) and !empty($product['base_special'])) { ?>
                    <nobr>(<?php echo $product['base_special']; ?>)</nobr>
                <?php } ?>
            ]]>
            </add>
        </operation>
    </file>


    <file path="catalog/view/theme/*/template/product/special.tpl">
        <operation error="log">
            <search>
                <![CDATA[
                <?php echo $product['price']; ?>
            ]]>
            </search>
            <add position="replace">
                <![CDATA[
                <?php echo $product['price']; ?>

                <?php if (isset($currency_plus_show_base_price_special) and $currency_plus_show_base_price_special > 0 and isset($product['base_price']) and !empty($product['base_price'])) { ?>
                   <nobr>(<?php echo $product['base_price']; ?>)</nobr>
                <?php } ?>
            ]]>
            </add>
        </operation>

        <operation error="log">
            <search>
                <![CDATA[
                <?php echo $product['special']; ?>
            ]]>
            </search>
            <add position="replace">
                <![CDATA[
                <?php echo $product['special']; ?>

                <?php if (isset($currency_plus_show_base_price_special) and $currency_plus_show_base_price_special > 0 and isset($product['base_special']) and !empty($product['base_special'])) { ?>
                    <nobr>(<?php echo $product['base_special']; ?>)</nobr>
                <?php } ?>
            ]]>
            </add>
        </operation>
    </file>

</modification>

