<?xml version="1.0" encoding="utf-8"?>
<modification>
  	<name>suppler</name>
  	<code>default</code>
  	<version>8.9.0</version>
  	<author>usergio</author> 
	<!--languages-->
	<file path="admin/language/english/common/column_left.php">
		<operation error="skip">
			<search><![CDATA[$_['text_manufacturer']]]></search>
			<add position="before"><![CDATA[$_['text_suppler']                	 = 'Suppliers';]]></add>
		</operation>
	</file>
	<file path="admin/language/en-us/common/column_left.php" >
		<operation error="skip">
			<search><![CDATA[$_['text_manufacturer']]]></search>
			<add position="before"><![CDATA[$_['text_suppler']                	 = 'Suppliers';]]></add>
		</operation>
	</file>
	<file path="admin/language/en-gb/common/column_left.php" >
		<operation>
			<search><![CDATA[$_['text_manufacturer']]]></search>
			<add position="before"><![CDATA[$_['text_suppler']                	 = 'Suppliers';]]></add>
		</operation>
	</file>
	<file path="admin/language/russian/common/column_left.php" >
		<operation error="skip">
			<search><![CDATA[$_['text_manufacturer']]]></search>
			<add position="before"><![CDATA[$_['text_suppler']                  	    = 'Поставщики';]]></add>
		</operation>
	</file>
	<file path="admin/language/ru-ru/common/column_left.php" >
		<operation error="skip">
			<search><![CDATA[$_['text_manufacturer']]]></search>
			<add position="before"><![CDATA[$_['text_suppler']                  	    = 'Поставщики';]]></add>
		</operation>
	</file>
	<file path="admin/language/ukrainian/common/column_left.php" >
		<operation error="skip">
			<search><![CDATA[$_['text_manufacturer']]]></search>
			<add position="before"><![CDATA[$_['text_suppler']                  	    = 'Постачальники';]]></add>
		</operation>
	</file>
	<file path="admin/language/ua-ua/common/column_left.php" >
		<operation error="skip">
			<search><![CDATA[$_['text_manufacturer']]]></search>
			<add position="before"><![CDATA[$_['text_suppler']                  	    = 'Постачальники';]]></add>
		</operation>
	</file>
	<file path="admin/language/english/catalog/product.php" >
		<operation error="skip">
			<search><![CDATA['Model']]></search>
			<add position="replace"><![CDATA['Product code']]></add>
		</operation>		
		<operation error="skip">
			<search><![CDATA[$_['entry_status']]]></search>
			<add position="before"><![CDATA[$_['entry_optsku']      	 = 'SKU:';]]></add>
		</operation>		
	</file>
	<file path="admin/language/en-gb/catalog/product.php" >
		<operation error="skip">
			<search><![CDATA['Model']]></search>
			<add position="replace"><![CDATA['Product code']]></add>
		</operation>		
		<operation error="skip">
			<search><![CDATA[$_['entry_status']]]></search>
			<add position="before"><![CDATA[$_['entry_optsku']      	 = 'SKU:';]]></add>
		</operation>		
	</file>
	<file path="admin/language/en-us/catalog/product.php" >
		<operation error="skip">
			<search><![CDATA['Model']]></search>
			<add position="replace"><![CDATA['Product code']]></add>
		</operation>		
		<operation error="skip">
			<search><![CDATA[$_['entry_status']]]></search>
			<add position="before"><![CDATA[$_['entry_optsku']      	 = 'SKU:';]]></add>
		</operation>		
	</file>
	<file path="admin/language/russian/catalog/product.php" >
		<operation error="skip">
			<search><![CDATA['Модель']]></search>
			<add position="replace"><![CDATA['Код товара']]></add>
		</operation>
		<operation error="skip">
			<search><![CDATA['Модель:']]></search>
			<add position="replace"><![CDATA['Код товара:']]></add>
		</operation>
		<operation error="skip">
			<search><![CDATA[$_['entry_status']]]></search>
			<add position="before"><![CDATA[$_['entry_optsku']      	    = 'Артикул:';]]></add>
		</operation>		
	</file>
	<file path="admin/language/ru-ru/catalog/product.php" >
		<operation error="skip">
			<search><![CDATA['Модель']]></search>
			<add position="replace"><![CDATA['Код товара']]></add>
		</operation>
		<operation error="skip">
			<search><![CDATA['Модель:']]></search>
			<add position="replace"><![CDATA['Код товара:']]></add>
		</operation>
		<operation>
			<search><![CDATA[$_['entry_status']]]></search>
			<add position="before"><![CDATA[$_['entry_optsku']      	    = 'Артикул:';]]></add>
		</operation>		
	</file>
	<file path="admin/language/ukrainian/catalog/product.php" >
		<operation error="skip">
			<search><![CDATA['Модель']]></search>
			<add position="replace"><![CDATA['Код товару']]></add>
		</operation>
		<operation error="skip">
			<search><![CDATA['Модель:']]></search>
			<add position="replace"><![CDATA['Код товару:']]></add>
		</operation>
		<operation error="skip">
			<search><![CDATA[$_['entry_status']]]></search>
			<add position="before"><![CDATA[$_['entry_optsku']      	    = 'Артикул:';]]></add>
		</operation>		
	</file>
	<file path="admin/language/ua-ua/catalog/product.php" >
		<operation error="skip">
			<search><![CDATA['Модель']]></search>
			<add position="replace"><![CDATA['Код товару']]></add>
		</operation>
		<operation error="skip">
			<search><![CDATA['Модель:']]></search>
			<add position="replace"><![CDATA['Код товару:']]></add>
		</operation>
		<operation error="skip">
			<search><![CDATA[$_['entry_status']]]></search>
			<add position="before"><![CDATA[$_['entry_optsku']      	    = 'Артикул:';]]></add>
		</operation>		
	</file>
	<file path="catalog/language/russian/product/product.php" >
		<operation error="skip">
			<search><![CDATA['Модель:']]></search>
			<add position="replace"><![CDATA['Код товара:']]></add>
		</operation>
		<operation error="skip">
			<search><![CDATA['Модель']]></search>
			<add position="replace"><![CDATA['Код товара']]></add>
		</operation>
	</file>
	<file path="catalog/language/ru-ru/product/product.php" >
		<operation error="skip">
			<search><![CDATA['Модель:']]></search>
			<add position="replace"><![CDATA['Код товара:']]></add>
		</operation>
		<operation error="skip">
			<search><![CDATA['Модель']]></search>
			<add position="replace"><![CDATA['Код товара']]></add>
		</operation>
	</file>
	<file path="catalog/language/ukrainian/product/product.php" >
		<operation error="skip">
			<search><![CDATA['Модель:']]></search>
			<add position="replace"><![CDATA['Код товару:']]></add>
		</operation>
		<operation error="skip">
			<search><![CDATA['Модель']]></search>
			<add position="replace"><![CDATA['Код товару']]></add>
		</operation>
	</file>
	<file path="catalog/language/ua-ua/product/product.php" >
		<operation error="skip">
			<search><![CDATA['Модель:']]></search>
			<add position="replace"><![CDATA['Код товару:']]></add>
		</operation>
		<operation error="skip">
			<search><![CDATA['Модель']]></search>
			<add position="replace"><![CDATA['Код товару']]></add>
		</operation>
	</file>
	<file path="admin/language/russian/report/product_purchased.php" >
		<operation error="skip">
			<search><![CDATA['Модель']]></search>
			<add position="replace"><![CDATA['Код товара']]></add>
		</operation>
	</file>
	<file path="admin/language/ru-ru/report/product_purchased.php" >
		<operation error="skip">
			<search><![CDATA['Модель']]></search>
			<add position="replace"><![CDATA['Код товара']]></add>
		</operation>
	</file>
	<file path="admin/language/ukrainian/report/product_purchased.php" >
		<operation error="skip">
			<search><![CDATA['Модель']]></search>
			<add position="replace"><![CDATA['Код товару']]></add>
		</operation>
	</file>
	<file path="admin/language/ua-ua/report/product_purchased.php" >
		<operation error="skip">
			<search><![CDATA['Модель']]></search>
			<add position="replace"><![CDATA['Код товару']]></add>
		</operation>
	</file>
	<!--model-->
	<file path="admin/model/catalog/product.php" >
		<operation>
			<search><![CDATA[$this->addProduct($data);]]></search>
			<add position="before"><![CDATA[
			$row1 = $this->getMaxModel();
			$max_mod = $row1["max(product_id)"];
			$next_code = $max_mod + 1;
			$p = strpos($data["model"], "-");
			if (!$p) strpos($data["model"], "~");
			if ($p) {
				$p = substr($data["model"], $p);
				$data["model"] = $next_code.$p;
			}]]></add>
		</operation>
		<operation>
			<search><![CDATA[public function getProducts($data = array()) {]]></search>
			<add position="before"><![CDATA[
	public function getMaxModel() {		
		$query = $this->db->query("SELECT max(product_id) FROM " . DB_PREFIX . "product");			
		return $query->row;
	} ]]></add>
		</operation>
		<operation>
			<search><![CDATA[$product_option_value['weight'],]]></search>
			<add position="after"><![CDATA['optsku'          		  => $product_option_value['optsku'],]]></add>
		</operation>
		<operation>
			<search><![CDATA[$product_option_value['weight'] . "',]]></search>
			<add position="replace"><![CDATA[$product_option_value['weight'] . "', optsku= '" . $this->db->escape($product_option_value['optsku']) . "',]]></add>
		</operation>
	</file>
	<!--controller-->
	<file path="admin/controller/common/column_left.php" >
		<operation>
			<search><![CDATA[if ($this->user->hasPermission('access', 'catalog/download')) {]]></search>
			<add position="before"><![CDATA[if ($this->user->hasPermission('access', 'catalog/suppler')) {
				$catalog[] = array(
					'name'	   => $this->language->get('text_suppler'),
					'href'     => $this->url->link('catalog/suppler', 'token=' . $this->session->data['token'], true),
					'children' => array()		
				);
			}]]></add>
		</operation>
	</file>	
	<file path="admin/controller/catalog/product.php" >
		<operation>
			<search><![CDATA[$data['entry_customer_group'] = $this->language->get('entry_customer_group');]]></search>
			<add position="before"><![CDATA[		$data['entry_optsku'] = $this->language->get('entry_optsku');]]></add>
		</operation>
		<operation>
			<search index="1"><![CDATA[$data['token'] = $this->session->data['token'];]]></search>
			<add position="before"><![CDATA[ 		else {
			$row = $this->model_catalog_product->getMaxModel();
			$max_model = $row["max(product_id)"];
			$next_code = $max_model + 1;
			$next_code = $next_code."-";
		}]]></add>
		</operation>
		<operation>
			<search><![CDATA[$data['model'] = '']]></search>
			<add position="replace"><![CDATA[$data['model'] = $next_code]]></add>
		</operation>		
		<operation>
			<search><![CDATA[$product_option_value['weight'],]]></search>
			<add position="after"><![CDATA[						'optsku'          		  => $product_option_value['optsku'],]]></add>
		</operation>
	</file>
	<!--template-->
	<file path="admin/view/template/catalog/product_form.tpl" >
		<operation>
			<search index="0"><![CDATA[<td class="text-right"><?php echo $entry_weight; ?></td>]]></search>
			<add position="after"><![CDATA[<td class="text-right"><?php echo $entry_optsku; ?></td>]]></add>
		</operation>
		<operation>
			<search index="1"><![CDATA[<td class="text-right"><?php echo $entry_weight; ?></td>]]></search>
			<add position="after"><![CDATA[html += '        <td class="right"><?php echo $entry_optsku; ?></td>';]]></add>
		</operation>
		<operation>
			<search><![CDATA[$product_option_value['weight']; ?>" placeholder="<?php echo $entry_weight; ?>" class="form-control" /></td>]]></search>
			<add position="after"><![CDATA[<td><input type="text" name="product_option[<?php echo $option_row; ?>][product_option_value][<?php echo $option_value_row; ?>][optsku]" value="<?php echo $product_option_value['optsku']; ?>" size="12" /></td>
			]]></add>
		</operation>
		<operation>
			<search index="0"><![CDATA[<td colspan="6"></td>]]></search>
			<add position="replace"><![CDATA[<td colspan="7"></td>]]></add>
		</operation>
		<operation>
			<search><![CDATA[value="" placeholder="<?php echo $entry_weight; ?>" class="form-control" /></td>';]]></search>
			<add position="after"><![CDATA[html += '    <td><input type="text" name="product_option[' + option_row + '][product_option_value][' + option_value_row + '][optsku]" value="" size="12" /></td>';]]></add>
		</operation>
	</file>		
</modification>